segment_id,pattern_id,pattern_name,brightness,samples,duration_s,avg_voltage_v,avg_current_ma,median_current_ma,min_current_ma,max_current_ma,avg_power_w,max_power_w,consumed_mah,consumed_wh,status
seg_001_p01_b095,1,rainbow,95,52,5.187,4.0322,180.649,180.000,178.750,182.500,0.7284,0.7359,0.260938,0.001052,ok
seg_002_p01_b127,1,rainbow,127,51,5.086,4.0191,215.392,215.000,213.750,218.750,0.8657,0.8791,0.305139,0.001226,ok
seg_003_p01_b159,1,rainbow,159,53,5.229,4.0057,247.995,247.500,246.250,251.250,0.9934,1.0066,0.365104,0.001462,ok
seg_004_p01_b191,1,rainbow,191,52,5.113,3.9917,280.096,280.000,278.750,283.750,1.1181,1.1325,0.404583,0.001615,ok
seg_005_p01_b223,1,rainbow,223,51,5.115,3.9777,310.564,310.000,308.750,313.750,1.2353,1.2479,0.439965,0.001750,ok
seg_006_p01_b255,1,rainbow,255,51,5.070,3.9636,340.539,340.000,338.750,345.000,1.3498,1.3675,0.482431,0.001912,ok
seg_007_p02_b095,2,full_color,95,53,5.237,4.0228,159.080,158.750,157.500,161.250,0.6400,0.6484,0.234201,0.000942,ok
seg_008_p02_b127,2,full_color,127,52,5.123,4.0150,187.981,187.500,186.250,190.000,0.7547,0.7628,0.271528,0.001090,ok
seg_009_p02_b159,2,full_color,159,51,5.104,4.0050,215.956,216.250,213.750,223.750,0.8649,0.8953,0.305937,0.001225,ok
seg_010_p02_b191,2,full_color,191,50,4.954,3.9944,243.750,243.750,242.500,245.000,0.9737,0.9788,0.338542,0.001352,ok
seg_011_p02_b223,2,full_color,223,52,5.123,3.9836,269.615,268.750,268.750,271.250,1.0740,1.0809,0.389444,0.001551,ok
seg_012_p02_b255,2,full_color,255,52,5.100,3.9722,295.385,295.000,293.750,297.500,1.1733,1.1818,0.426667,0.001695,ok
seg_013_p03_b095,3,motion_brightness,95,51,5.077,4.0377,98.652,98.750,97.500,100.000,0.3983,0.4039,0.139757,0.000564,ok
seg_014_p03_b127,3,motion_brightness,127,52,5.150,4.0410,98.798,98.750,97.500,101.250,0.3992,0.4090,0.142708,0.000577,ok
seg_015_p03_b159,3,motion_brightness,159,52,5.111,4.0432,98.822,98.750,97.500,100.000,0.3995,0.4042,0.142743,0.000577,ok
seg_016_p03_b191,3,motion_brightness,191,52,5.100,4.0445,99.014,98.750,97.500,100.000,0.4005,0.4044,0.143021,0.000578,ok
seg_017_p03_b223,3,motion_brightness,223,51,5.074,4.0458,98.799,98.750,97.500,100.000,0.3997,0.4045,0.139965,0.000566,ok
seg_018_p03_b255,3,motion_brightness,255,52,5.145,4.0467,99.038,98.750,97.500,100.000,0.4008,0.4046,0.143056,0.000579,ok
seg_019_p04_b095,4,runner_fixed,95,52,5.134,4.0534,81.010,81.250,80.000,82.500,0.3284,0.3343,0.117014,0.000474,ok
seg_020_p04_b127,4,runner_fixed,127,53,5.200,4.0534,84.552,85.000,83.750,86.250,0.3427,0.3495,0.124479,0.000505,ok
seg_021_p04_b159,4,runner_fixed,159,51,5.068,4.0528,88.186,87.500,86.250,90.000,0.3574,0.3647,0.124931,0.000506,ok
seg_022_p04_b191,4,runner_fixed,191,52,5.155,4.0521,91.995,92.500,90.000,93.750,0.3728,0.3798,0.132882,0.000538,ok
seg_023_p04_b223,4,runner_fixed,223,53,5.220,4.0509,95.542,95.000,93.750,97.500,0.3870,0.3950,0.140660,0.000570,ok
seg_024_p04_b255,4,runner_fixed,255,52,5.100,4.0499,99.327,98.750,97.500,101.250,0.4022,0.4101,0.143472,0.000581,ok
seg_025_p05_b095,5,runner_reactive,95,52,5.181,4.0534,89.062,88.750,87.500,90.000,0.3610,0.3648,0.128646,0.000521,ok
seg_026_p05_b127,5,runner_reactive,127,52,5.146,4.0513,95.433,95.000,92.500,97.500,0.3866,0.3950,0.137847,0.000558,ok
seg_027_p05_b159,5,runner_reactive,159,52,5.118,4.0488,102.163,102.500,98.750,103.750,0.4136,0.4201,0.147569,0.000597,ok
seg_028_p05_b191,5,runner_reactive,191,50,5.097,4.0464,108.625,108.750,103.750,110.000,0.4395,0.4451,0.150868,0.000610,ok
seg_029_p05_b223,5,runner_reactive,223,52,5.171,4.0439,114.856,115.000,108.750,116.250,0.4644,0.4701,0.165903,0.000671,ok
seg_030_p05_b255,5,runner_reactive,255,52,5.152,4.0413,121.202,121.250,116.250,122.500,0.4898,0.4951,0.175069,0.000708,ok
seg_031_p06_b095,6,runner_dual,95,52,5.130,4.0508,91.538,91.250,90.000,93.750,0.3708,0.3797,0.132222,0.000536,ok
seg_032_p06_b127,6,runner_dual,127,51,5.096,4.0485,98.848,98.750,96.250,100.000,0.4002,0.4049,0.140035,0.000567,ok
seg_033_p06_b159,6,runner_dual,159,52,5.100,4.0459,105.986,106.250,102.500,107.500,0.4288,0.4348,0.153090,0.000619,ok
seg_034_p06_b191,6,runner_dual,191,53,5.200,4.0427,113.255,113.750,108.750,115.000,0.4578,0.4649,0.166736,0.000674,ok
seg_035_p06_b223,6,runner_dual,223,52,5.100,4.0401,120.409,120.000,115.000,122.500,0.4865,0.4949,0.173924,0.000703,ok
seg_036_p06_b255,6,runner_dual,255,53,5.200,4.0368,127.099,127.500,117.500,128.750,0.5131,0.5197,0.187118,0.000755,ok
seg_037_p07_b095,7,heartbeat,95,52,5.100,4.0525,79.447,80.000,70.000,91.250,0.3219,0.3694,0.114757,0.000465,ok
seg_038_p07_b127,7,heartbeat,127,52,5.100,4.0521,82.404,82.500,70.000,97.500,0.3339,0.3946,0.119028,0.000482,ok
seg_039_p07_b159,7,heartbeat,159,53,5.200,4.0513,85.259,86.250,70.000,105.000,0.3454,0.4247,0.125521,0.000508,ok
seg_040_p07_b191,7,heartbeat,191,52,5.100,4.0502,88.702,90.000,70.000,111.250,0.3592,0.4497,0.128125,0.000519,ok
seg_041_p07_b223,7,heartbeat,223,52,5.100,4.0489,91.683,93.125,70.000,117.500,0.3711,0.4748,0.132431,0.000536,ok
seg_042_p07_b255,7,heartbeat,255,52,5.100,4.0475,95.000,96.875,70.000,125.000,0.3844,0.5048,0.137222,0.000555,ok
seg_043_p08_b095,8,ping_pong,95,52,5.100,4.0530,78.750,80.000,72.500,82.500,0.3192,0.3343,0.113750,0.000461,ok
seg_044_p08_b127,8,ping_pong,127,52,5.100,4.0522,81.394,82.500,73.750,86.250,0.3298,0.3494,0.117569,0.000476,ok
seg_045_p08_b159,8,ping_pong,159,53,5.200,4.0511,84.175,86.250,76.250,90.000,0.3410,0.3645,0.123924,0.000502,ok
seg_046_p08_b191,8,ping_pong,191,53,5.200,4.0500,87.005,87.500,77.500,93.750,0.3524,0.3795,0.128090,0.000519,ok
seg_047_p08_b223,8,ping_pong,223,52,5.100,4.0486,89.712,92.500,77.500,97.500,0.3632,0.3946,0.129583,0.000525,ok
seg_048_p08_b255,8,ping_pong,255,52,5.100,4.0473,92.716,94.375,78.750,101.250,0.3752,0.4096,0.133924,0.000542,ok
seg_049_p09_b095,9,comet_swarm,95,53,5.200,4.0477,89.811,90.000,88.750,91.250,0.3635,0.3693,0.132222,0.000535,ok
seg_050_p09_b127,9,comet_swarm,127,53,5.200,4.0451,96.745,96.250,95.000,98.750,0.3913,0.3994,0.142431,0.000576,ok
seg_051_p09_b159,9,comet_swarm,159,52,5.100,4.0425,103.029,102.500,102.500,105.000,0.4165,0.4245,0.148819,0.000602,ok
seg_052_p09_b191,9,comet_swarm,191,52,5.100,4.0400,109.279,108.750,107.500,111.250,0.4415,0.4494,0.157847,0.000638,ok
seg_053_p09_b223,9,comet_swarm,223,53,5.200,4.0365,116.038,116.250,115.000,117.500,0.4684,0.4744,0.170833,0.000690,ok
seg_054_p09_b255,9,comet_swarm,255,53,5.200,4.0336,122.877,122.500,121.250,123.750,0.4956,0.4992,0.180903,0.000730,ok
seg_055_p10_b095,10,breath_storm,95,53,5.200,4.0446,87.594,82.500,71.250,113.750,0.3542,0.4591,0.128958,0.000521,ok
seg_056_p10_b127,10,breath_storm,127,53,5.200,4.0424,94.033,87.500,72.500,128.750,0.3800,0.5190,0.138437,0.000559,ok
seg_057_p10_b159,10,breath_storm,159,53,5.200,4.0401,99.741,91.250,72.500,143.750,0.4028,0.5788,0.146840,0.000593,ok
seg_058_p10_b191,10,breath_storm,191,52,5.100,4.0375,105.553,93.750,73.750,158.750,0.4259,0.6384,0.152465,0.000615,ok
seg_059_p10_b223,10,breath_storm,223,53,5.200,4.0347,111.910,98.750,75.000,173.750,0.4511,0.6976,0.164757,0.000664,ok
seg_060_p10_b255,10,breath_storm,255,53,5.200,4.0318,118.066,103.750,75.000,188.750,0.4755,0.7569,0.173819,0.000700,ok
seg_061_p11_b095,11,jerk_wave,95,52,5.100,4.0482,70.361,70.000,68.750,72.500,0.2848,0.2934,0.101632,0.000411,ok
seg_062_p11_b127,11,jerk_wave,127,52,5.100,4.0477,73.365,70.000,68.750,97.500,0.2969,0.3939,0.105972,0.000429,ok
seg_063_p11_b159,11,jerk_wave,159,53,5.200,4.0490,70.307,70.000,68.750,71.250,0.2847,0.2885,0.103507,0.000419,ok
seg_064_p11_b191,11,jerk_wave,191,53,5.200,4.0494,70.425,70.000,70.000,71.250,0.2852,0.2886,0.103681,0.000420,ok
seg_065_p11_b223,11,jerk_wave,223,52,5.100,4.0497,70.385,70.000,68.750,71.250,0.2850,0.2886,0.101667,0.000412,ok
seg_066_p11_b255,11,jerk_wave,255,53,5.200,4.0498,70.330,70.000,68.750,71.250,0.2848,0.2886,0.103542,0.000419,ok
seg_067_p12_b095,12,yaw_spinner,95,53,5.200,4.0473,77.429,77.500,75.000,80.000,0.3134,0.3238,0.113993,0.000461,ok
seg_068_p12_b127,12,yaw_spinner,127,53,5.200,4.0463,80.189,81.250,76.250,82.500,0.3245,0.3338,0.118056,0.000478,ok
seg_069_p12_b159,12,yaw_spinner,159,52,5.100,4.0443,84.207,83.750,82.500,86.250,0.3406,0.3489,0.121632,0.000492,ok
seg_070_p12_b191,12,yaw_spinner,191,52,5.100,4.0430,87.043,87.500,82.500,88.750,0.3519,0.3589,0.125729,0.000508,ok
seg_071_p12_b223,12,yaw_spinner,223,53,5.200,4.0412,91.321,91.250,85.000,95.000,0.3690,0.3838,0.134444,0.000543,ok
seg_072_p12_b255,12,yaw_spinner,255,53,5.200,4.0410,90.849,91.250,81.250,97.500,0.3671,0.3938,0.133750,0.000540,ok
seg_073_p13_b095,13,yaw_spinner_circle,95,52,5.100,4.0448,78.726,78.750,73.750,81.250,0.3184,0.3286,0.113715,0.000460,ok
seg_074_p13_b127,13,yaw_spinner_circle,127,52,5.100,4.0440,80.601,80.000,77.500,83.750,0.3260,0.3386,0.116424,0.000471,ok
seg_075_p13_b159,13,yaw_spinner_circle,159,52,5.100,4.0425,84.712,85.000,82.500,87.500,0.3425,0.3536,0.122361,0.000495,ok
seg_076_p13_b191,13,yaw_spinner_circle,191,53,5.200,4.0408,88.962,88.750,87.500,90.000,0.3595,0.3637,0.130972,0.000529,ok
seg_077_p13_b223,13,yaw_spinner_circle,223,53,5.200,4.0399,89.245,88.750,82.500,93.750,0.3605,0.3786,0.131389,0.000531,ok
seg_078_p13_b255,13,yaw_spinner_circle,255,52,5.100,4.0395,89.663,90.625,82.500,92.500,0.3622,0.3736,0.129514,0.000523,ok
seg_079_p14_b095,14,runner_dual_inverted,95,53,5.200,4.0390,90.165,90.000,88.750,92.500,0.3642,0.3736,0.132743,0.000536,ok
seg_080_p14_b127,14,runner_dual_inverted,127,53,5.200,4.0359,98.491,98.750,95.000,100.000,0.3975,0.4036,0.145000,0.000585,ok
seg_081_p14_b159,14,runner_dual_inverted,159,52,5.100,4.0328,105.385,105.000,101.250,107.500,0.4250,0.4335,0.152222,0.000614,ok
seg_082_p14_b191,14,runner_dual_inverted,191,52,5.100,4.0300,112.428,112.500,107.500,115.000,0.4531,0.4635,0.162396,0.000654,ok
seg_083_p14_b223,14,runner_dual_inverted,223,52,5.100,4.0265,119.567,120.000,115.000,121.250,0.4814,0.4882,0.172708,0.000695,ok
seg_084_p14_b255,14,runner_dual_inverted,255,51,5.000,4.0231,126.667,127.500,121.250,128.750,0.5096,0.5179,0.179444,0.000722,ok
seg_085_p15_b095,15,palette_beat_motion,95,53,5.200,4.0390,78.137,77.500,73.750,83.750,0.3156,0.3381,0.115035,0.000465,ok
seg_086_p15_b127,15,palette_beat_motion,127,53,5.200,4.0310,102.476,101.250,88.750,115.000,0.4131,0.4632,0.150868,0.000608,ok
seg_087_p15_b159,15,palette_beat_motion,159,52,5.100,4.0179,138.942,138.750,120.000,160.000,0.5582,0.6418,0.200694,0.000806,ok
seg_088_p15_b191,15,palette_beat_motion,191,51,5.000,4.0020,181.054,171.250,161.250,213.750,0.7245,0.8531,0.256493,0.001026,ok
seg_089_p15_b223,15,palette_beat_motion,223,53,5.200,3.9897,209.505,193.750,183.750,252.500,0.8356,1.0040,0.308438,0.001230,ok
seg_090_p15_b255,15,palette_beat_motion,255,52,5.100,3.9805,228.413,214.375,192.500,277.500,0.9089,1.1003,0.329931,0.001313,ok
seg_091_p16_b095,16,pacifica_kite,95,52,5.100,4.0262,86.731,86.250,85.000,88.750,0.3492,0.3572,0.125278,0.000504,ok
seg_092_p16_b127,16,pacifica_kite,127,53,5.200,4.0257,92.901,92.500,91.250,96.250,0.3740,0.3874,0.136771,0.000551,ok
seg_093_p16_b159,16,pacifica_kite,159,52,5.100,4.0245,98.413,97.500,96.250,101.250,0.3960,0.4074,0.142153,0.000572,ok
seg_094_p16_b191,16,pacifica_kite,191,53,5.200,4.0224,104.080,103.750,102.500,107.500,0.4186,0.4323,0.153229,0.000616,ok
seg_095_p16_b223,16,pacifica_kite,223,53,5.200,4.0207,110.000,108.750,107.500,113.750,0.4423,0.4573,0.161944,0.000651,ok
seg_096_p16_b255,16,pacifica_kite,255,53,5.200,4.0181,116.675,116.250,115.000,120.000,0.4688,0.4821,0.171771,0.000690,ok
seg_097_p17_b095,17,twinkle_motion,95,53,5.200,4.0309,78.585,78.750,76.250,81.250,0.3168,0.3275,0.115694,0.000466,ok
seg_098_p17_b127,17,twinkle_motion,127,52,5.100,4.0306,81.442,81.250,77.500,85.000,0.3283,0.3426,0.117639,0.000474,ok
seg_099_p17_b159,17,twinkle_motion,159,52,5.100,4.0295,85.625,85.000,78.750,92.500,0.3450,0.3725,0.123681,0.000498,ok
seg_100_p17_b191,17,twinkle_motion,191,53,5.200,4.0290,87.807,87.500,81.250,96.250,0.3538,0.3875,0.129271,0.000521,ok
seg_101_p17_b223,17,twinkle_motion,223,52,5.100,4.0276,91.707,92.500,85.000,97.500,0.3694,0.3926,0.132465,0.000534,ok
seg_102_p17_b255,17,twinkle_motion,255,52,5.100,4.0260,95.938,96.250,86.250,106.250,0.3862,0.4275,0.138576,0.000558,ok
seg_103_p18_b095,18,fire_jet,95,52,5.100,4.0245,99.038,98.750,72.500,130.000,0.3985,0.5219,0.143056,0.000576,ok
seg_104_p18_b127,18,fire_jet,127,52,5.100,4.0212,107.692,104.375,75.000,155.000,0.4329,0.6210,0.155556,0.000625,ok
seg_105_p18_b159,18,fire_jet,159,53,5.200,4.0170,118.538,111.250,78.750,182.500,0.4760,0.7295,0.174514,0.000701,ok
seg_106_p18_b191,18,fire_jet,191,53,5.200,4.0125,129.363,118.750,70.000,190.000,0.5188,0.7590,0.190451,0.000764,ok
seg_107_p18_b223,18,fire_jet,223,53,5.200,4.0100,133.750,126.250,80.000,225.000,0.5360,0.8958,0.196910,0.000789,ok
seg_108_p18_b255,18,fire_jet,255,52,5.100,4.0049,144.760,137.500,86.250,243.750,0.5792,0.9686,0.209097,0.000837,ok
seg_109_p19_b095,19,noise_ring,95,53,5.200,4.0227,89.670,88.750,82.500,97.500,0.3607,0.3921,0.132014,0.000531,ok
seg_110_p19_b127,19,noise_ring,127,52,5.100,4.0208,96.971,96.250,86.250,106.250,0.3899,0.4269,0.140069,0.000563,ok
seg_111_p19_b159,19,noise_ring,159,53,5.200,4.0186,103.231,102.500,90.000,115.000,0.4148,0.4617,0.151979,0.000611,ok
seg_112_p19_b191,19,noise_ring,191,53,5.200,4.0161,109.882,107.500,93.750,125.000,0.4413,0.5016,0.161771,0.000650,ok
seg_113_p19_b223,19,noise_ring,223,52,5.100,4.0132,116.418,114.375,97.500,133.750,0.4672,0.5360,0.168160,0.000675,ok
seg_114_p19_b255,19,noise_ring,255,52,5.100,4.0102,123.654,121.250,102.500,143.750,0.4958,0.5755,0.178611,0.000716,ok
seg_115_p20_b095,20,pride_yaw,95,53,5.200,4.0065,132.099,132.500,126.250,137.500,0.5293,0.5507,0.194479,0.000779,ok
seg_116_p20_b127,20,pride_yaw,127,53,5.200,3.9984,153.608,153.750,146.250,160.000,0.6142,0.6396,0.226146,0.000904,ok
seg_117_p20_b159,20,pride_yaw,159,52,5.100,3.9905,173.510,173.125,165.000,181.250,0.6924,0.7230,0.250625,0.001000,ok
seg_118_p20_b191,20,pride_yaw,191,53,5.200,3.9821,193.255,193.750,183.750,202.500,0.7695,0.8057,0.284514,0.001133,ok
seg_119_p20_b223,20,pride_yaw,223,53,5.200,3.9735,212.712,212.500,202.500,222.500,0.8452,0.8836,0.313160,0.001244,ok
seg_120_p20_b255,20,pride_yaw,255,52,5.100,3.9646,232.428,232.500,221.250,243.750,0.9215,0.9656,0.335729,0.001331,ok
seg_121_p21_b095,21,confetti_jerk,95,52,5.100,4.0167,72.668,72.500,70.000,75.000,0.2919,0.3012,0.104965,0.000422,ok
seg_122_p21_b127,21,confetti_jerk,127,53,5.200,4.0190,73.278,72.500,71.250,77.500,0.2945,0.3114,0.107882,0.000434,ok
seg_123_p21_b159,21,confetti_jerk,159,53,5.200,4.0202,73.821,73.750,71.250,78.750,0.2968,0.3165,0.108681,0.000437,ok
seg_124_p21_b191,21,confetti_jerk,191,53,5.200,4.0208,74.953,75.000,71.250,78.750,0.3014,0.3166,0.110347,0.000444,ok
seg_125_p21_b223,21,confetti_jerk,223,52,5.100,4.0212,76.274,76.250,72.500,81.250,0.3067,0.3266,0.110174,0.000443,ok
seg_126_p21_b255,21,confetti_jerk,255,52,5.100,4.0218,76.010,76.250,71.250,80.000,0.3057,0.3217,0.109792,0.000442,ok
seg_127_p22_b095,22,center_ripple,95,52,5.100,4.0241,70.144,70.000,68.750,71.250,0.2823,0.2867,0.101319,0.000408,ok
seg_128_p22_b127,22,center_ripple,127,53,5.200,4.0246,70.118,70.000,68.750,71.250,0.2822,0.2868,0.103229,0.000415,ok
seg_129_p22_b159,22,center_ripple,159,53,5.200,4.0250,70.142,70.000,68.750,71.250,0.2823,0.2868,0.103264,0.000416,ok
seg_130_p22_b191,22,center_ripple,191,52,5.100,4.0255,70.216,70.000,68.750,72.500,0.2826,0.2918,0.101424,0.000408,ok
seg_131_p22_b223,22,center_ripple,223,52,5.100,4.0133,106.466,70.625,68.750,173.750,0.4266,0.6937,0.153785,0.000616,ok
seg_132_p22_b255,22,center_ripple,255,53,5.200,4.0128,107.146,71.250,68.750,187.500,0.4292,0.7477,0.157743,0.000632,ok
